[
  {
    "nombre": "Bershka",
    "categoria": "Ropa",
    "descuento": "10% en todas las prendas."
  },
  {
    "nombre": "Zara",
    "categoria": "Ropa",
    "descuento": "Ofertas del Black Friday!"
  },
  {
    "nombre": "Forever21",
    "categoria": "Ropa",
    "descuento": "5% en toda la tienda."
  },
  {
    "nombre": "Under Armour",
    "categoria": "Ropa Deportiva",
    "descuento": "20% en todos los conjuntos."
  },
  {
    "nombre": "Fair Play",
    "categoria": "Ropa",
    "descuento": "15% en ropa deportiva."
  },
  {
    "nombre": "Dismax",
    "categoria": "Electrodomésticos",
    "descuento": "Cupón de $5 en compras mayores a $50."
  },
  {
    "nombre": "ElectroHome",
    "categoria": "Electrodomésticos",
    "descuento": "15% de descuento en refrigeradores y lavadoras"
  },
  {
    "nombre": "Multicenter",
    "categoria": "Electrodomésticos",
    "descuento": "Cupón de $10 en compras mayores a $100."
  },
  {
    "nombre": "Top Fitness Center",
    "categoria": "Gimnasios",
    "descuento": "Inscripción sin costo esta semana."
  },
  {
    "nombre": "One Fitness",
    "categoria": "Gimnasios",
    "descuento": "Por la inscripcion de 3 meses, obtendras un super descuento."
  },
  {
    "nombre": "CineMax",
    "categoria": "Entretenimiento",
    "descuento": "2x1 en boletos los miércoles."
  },
  {
    "nombre": "Teatro",
    "categoria": "Entretenimiento",
    "descuento": "20% de descuento en entradas VIP."
  },
  {
    "nombre": "Carrasco",
    "categoria": "Accesorios",
    "descuento": "20% en bolsos y relojes."
  },
  {
    "nombre": "Joyería Diamante",
    "categoria": "Accesorios",
    "descuento": "15% en anillos de oro y diamantes."
  },
  {
    "nombre": "Joyería Gold",
    "categoria": "Accesorios",
    "descuento": "30% en collares seleccionados."
  },
  {
    "nombre": "Pizza Rio",
    "categoria": "Comida",
    "descuento": "3x2 en pizzas familiares."
  },
  {
    "nombre": "Burger House",
    "categoria": "Comida",
    "descuento": "10% en combos premium de lunes a viernes."
  },
  {
    "nombre": "Pastelería Sweet Bakes",
    "categoria": "Comida",
    "descuento": "20% en pasteles y postres."
  },
  {
    "nombre": "Step Style",
    "categoria": "Zapaterías",
    "descuento": "Descuento del 20% en zapatillas deportivas."
  },
  {
    "nombre": "Elegant Shoes",
    "categoria": "Zapaterías",
    "descuento": "Compra uno y lleva el segundo par al 50%."
  },
  {
    "nombre": "Beauty Hair Studio",
    "categoria": "Peluquerías",
    "descuento": "30% en cortes y tintes."
  },
  {
    "nombre": "H20",
    "categoria": "Peluquerías",
    "descuento": "10% de descuento en tratamientos capilares."
  },
  {
    "nombre": "SuperMax",
    "categoria": "Supermercados",
    "descuento": "Descuento del 5% en toda la tienda con membresía."
  },
  {
    "nombre": "Mercado Fresh",
    "categoria": "Supermercados",
    "descuento": "2x1 en frutas seleccionadas."
  },
  {
    "nombre": "Academia Futuro",
    "categoria": "Institutos",
    "descuento": "Matrícula gratuita para nuevos estudiantes."
  },
  {
    "nombre": "Instituto Avance",
    "categoria": "Institutos",
    "descuento": "Descuento del 10% en cursos de idiomas."
  },
  {
    "nombre": "Eventos Gourmet",
    "categoria": "Catering",
    "descuento": "10% en eventos corporativos."
  },
  {
    "nombre": "Catering Festivo",
    "categoria": "Catering",
    "descuento": "15% en servicios para bodas y cumpleaños."
  }

]